[
    { "major" : "Accounting" },
    { "major" : "Accounting Technician" },
    { "major" : "Actuarial Science" },
    { "major" : "Aerospace/Aeronautical Engineering" },
    { "major" : "Agricultural Business & Management" },
    { "major" : "Agricultural Economics" },
    { "major" : "Agricultural Mechanization" },
    { "major" : "Agricultural Production" },
    { "major" : "Agricultural/Bioengineering" },
    { "major" : "American/English Literature" },
    { "major" : "Applied Mathematics" },
    { "major" : "Architectural Engineering" },
    { "major" : "Art History, Criticism & Conservation" },
    { "major" : "Art, General" },
    { "major" : "Arts, Technology, and Emerging Communication"},
    { "major" : "Astronomy" },
    { "major" : "Atmospheric Sciences & Meteorology" },
    { "major" : "Banking & Financial Support Services" },
    { "major" : "Biochemistry & Biophysics" },
    { "major" : "Biology, General" },
    { "major" : "Biomedical Engineering" },
    { "major" : "Business Administration & Management, General" },
    { "major" : "Business/Management Quantitative Methods, General" },
    { "major" : "Business/Managerial Economics" },
    { "major" : "Cell/Cellular Biology" },
    { "major" : "Chemical Engineering" },
    { "major" : "Chemistry" },
    { "major" : "Cinematography/Film/Vide Production" },
    { "major" : "Civil Engineering" },
    { "major" : "Computer & Information Sciences, General" },
    { "major" : "Computer Engineering" },
    { "major" : "Computer Networking/Telecommunications" },
    { "major" : "Computer Science" },
    { "major" : "Computer Software & Media Applications" },
    { "major" : "Computer System Administration" },
    { "major" : "Construction Engineering/Management" },
    { "major" : "Creative Writing" },
    { "major" : "Criminology" },
    { "major" : "Data Management Technology" },
    { "major" : "Dental Assisting" },
    { "major" : "Design & Visual Communications, General" },
    { "major" : "Ecology" },
    { "major" : "Economics" },
    { "major" : "Electrical Engineering" },
    { "major" : "Engineering (Pre-Engineering), General" },
    { "major" : "English Language & Literature, General" },
    { "major" : "Finance, General" },
    { "major" : "Financial Planning & Services" },
    { "major" : "Fine/Studio Arts" },
    { "major" : "Food Sciences & Technology" },
    { "major" : "Foreign Languages/Literatures, General" },
    { "major" : "French Language & Literature" },
    { "major" : "Genetics" },
    { "major" : "Geological & Earth Sciences" },
    { "major" : "Graphic Design" },
    { "major" : "Health Services Administration,General" },
    { "major" : "Human Resources Development/Training" },
    { "major" : "Human Resources Management" },
    { "major" : "Industrial Design" },
    { "major" : "Industrial Engineering" },
    { "major" : "Information Science" },
    { "major" : "Information Technology And Systems" },
    { "major" : "Insurance & Risk Management" },
    { "major" : "International Business Management" },
    { "major" : "International Relations & Affairs" },
    { "major" : "Investments & Securities" },
    { "major" : "Labor/Industrial Relations" },
    { "major" : "Law (Pre-Law)" },
    { "major" : "Legal Administrative Assisting/Secretarial" },
    { "major" : "Legal Studies, General" },
    { "major" : "Linguistics" },
    { "major" : "Logistics & Materials Management" },
    { "major" : "Management Information Systems" },
    { "major" : "Marine/Aquatic Biology" },
    { "major" : "Marketing Management & Research" },
    { "major" : "Mathematics, General" },
    { "major" : "Mechanical Engineering" },
    { "major" : "Medical Assisting" },
    { "major" : "Medical Office/Secretarial" },
    { "major" : "Medical Records" },
    { "major" : "Medical/Clinical Assisting, General" },
    { "major" : "Microbiology & Immunology" },
    { "major" : "Music, General" },
    { "major" : "Music, Theory & Composition" },
    { "major" : "Natural Resources Conservation, General" },
    { "major" : "Natural Resources Management" },
    { "major" : "Neuroscience" },
    { "major" : "Nuclear Engineering" },
    { "major" : "Occupational Therapy Assisting" },
    { "major" : "Philosophy" },
    { "major" : "Photography" },
    { "major" : "Physical Sciences, General" },
    { "major" : "Physical Therapy Assisting" },
    { "major" : "Physics" },
    { "major" : "Political Science & Government" },
    { "major" : "Psychology, Clinical & Counseling" },
    { "major" : "Psychology, General" },
    { "major" : "Public Speaking" },
    { "major" : "Sales, Merchandising, & Marketing, General" },
    { "major" : "Secretarial Studies & Office Administration" },
    { "major" : "Small Business Management/Operations" },
    { "major" : "Social Sciences, General" },
    { "major" : "Sociology" },
    { "major" : "Software Engineering" },
    { "major" : "Statistics" },
    { "major" : "Supply Chain Management" },
    { "major" : "Urban Studies/Urban Affairs" },
    { "major" : "Webpage Design" }
]