[
  { "university" : "American University, Washington, D.C." },
  { "university" : "Amherst College" },
  { "university" : "Arizona State University" },
  { "university" : "Auburn University" },
  { "university" : "Austin College" },
  { "university" : "Austin Community College District" },
  { "university" : "Babson College" },
  { "university" : "Baylor University" },
  { "university" : "Bellevue College, Washington" },
  { "university" : "Birmingham City University" },
  { "university" : "Blinn College" },
  { "university" : "Bloomsburg University of Pennsylvania" },
  { "university" : "Boston College" },
  { "university" : "Boston University" },
  { "university" : "Brandeis University" },
  { "university" : "Brigham Young University" },
  { "university" : "Brooklyn College, CUNY" },
  { "university" : "Brown University" },
  { "university" : "Bucknell University" },
  { "university" : "California Institute of Technology" },
  { "university" : "California State Polytechnic University, Pomona" },
  { "university" : "California State University, Fresno" },
  { "university" : "California State University, Long Beach" },
  { "university" : "California State University, Los Angeles" },
  { "university" : "California State University, Sacramento" },
  { "university" : "California State University, Bakersfield" },
  { "university" : "California State University, San Francisco" },
  { "university" : "California State University, San Jose" },
  { "university" : "California State University, Monterey Bay" },
  { "university" : "California State University, San Marcos" },
  { "university" : "California State University, East Bay" },
  { "university" : "California State University, San Diego" },
  { "university" : "Carleton University" },
  { "university" : "Carnegie Mellon University" },
  { "university" : "Carthage College" },
  { "university" : "Central Texas College" },
  { "university" : "Clark University" },
  { "university" : "Clarkson University" },
  { "university" : "Clemson University" },
  { "university" : "Collin College" },
  { "university" : "Colorado School of Mines" },
  { "university" : "Columbia University" },
  { "university" : "Columbus College of Art and Design" },
  { "university" : "Concordia University" },
  { "university" : "Connecticut College" },
  { "university" : "Cornell College" },
  { "university" : "Cornell University" },
  { "university" : "Dallas College" },
  { "university" : "Dartmouth College" },
  { "university" : "Dawson College" },
  { "university" : "DePaul University" },
  { "university" : "Drake University" },
  { "university" : "Drexel University" },
  { "university" : "Duke University" },
  { "university" : "Durham College" },
  { "university" : "Durham University" },
  { "university" : "Emory University" },
  { "university" : "Fairfield University" },
  { "university" : "Florida Atlantic University" },
  { "university" : "Florida Gulf Coast University" },
  { "university" : "Florida Institute Of Technology" },
  { "university" : "Florida International University" },
  { "university" : "Florida Polytechnic University" },
  { "university" : "Florida State University" },
  { "university" : "Fordham University" },
  { "university" : "Full Sail University" },
  { "university" : "Fullerton College" },
  { "university" : "George Mason University" },
  { "university" : "Georgetown University" },
  { "university" : "Georgia Institute of Technology" },
  { "university" : "Georgia State University" },
  { "university" : "Grand Valley State University" },
  { "university" : "Hampshire College" },
  { "university" : "Hampton University" },
  { "university" : "Harvard University" },
  { "university" : "Howard University" },
  { "university" : "Illinois Institute of Technology" },
  { "university" : "Illinois State University" },
  { "university" : "Indiana University" },
  { "university" : "Indiana University of Pennsylvania" },
  { "university" : "Indiana University-Purdue University Fort Wayne" },
  { "university" : "Indiana University–Purdue University Indianapolis" },
  { "university" : "Iowa State University" },
  { "university" : "Ithaca College" },
  { "university" : "James Madison University" },
  { "university" : "Johns Hopkins University" },
  { "university" : "Kansas State University" },
  { "university" : "Kent State University" },
  { "university" : "Lafayette College" },
  { "university" : "Lamar University" },
  { "university" : "Lehigh University" },
  { "university" : "Lewis University" },
  { "university" : "Louisiana State University" },
  { "university" : "Madison College" },
  { "university" : "Manhattan College" },
  { "university" : "Marquette University" },
  { "university" : "Marymount University" },
  { "university" : "Massachusetts Institute of Technology" },
  { "university" : "Miami University" },
  { "university" : "Michigan State University" },
  { "university" : "Michigan Technological University" },
  { "university" : "Milwaukee School of Engineering" },
  { "university" : "Mississippi State University" },
  { "university" : "Missouri State University" },
  { "university" : "Montana State University" },
  { "university" : "Montclair State University" },
  { "university" : "Montgomery College" },
  { "university" : "Morgan State University" },
  { "university" : "New Jersey City University" },
  { "university" : "New Jersey Institute of Technology" },
  { "university" : "New York City College of Technology, CUNY" },
  { "university" : "New York Institute of Technology" },
  { "university" : "New York University" },
  { "university" : "North American University" },
  { "university" : "North Carolina State University" },
  { "university" : "Northeastern University" },
  { "university" : "Northwestern University" },
  { "university" : "Oklahoma State University" },
  { "university" : "Oregon State University" },
  { "university" : "Parsons School of Design" },
  { "university" : "Pittsburgh Technical Institute" },
  { "university" : "Portland State University" },
  { "university" : "Princeton University" },
  { "university" : "Purdue University" },
  { "university" : "Rhode Island College" },
  { "university" : "Rhodes College" },
  { "university" : "Rice University" },
  { "university" : "Richland College" },
  { "university" : "Rochester Institute of Technology" },
  { "university" : "Rutgers, The State University of New Jersey" },
  { "university" : "SUNY Polytechnic Institute" },
  { "university" : "San Diego State University" },
  { "university" : "San Francisco State University" },
  { "university" : "San Jose State University" },
  { "university" : "Santa Clara University" },
  { "university" : "South Carolina State University" },
  { "university" : "South Dakota School of Mines and Technology" },
  { "university" : "Southeastern Louisiana University" },
  { "university" : "Southern Connecticut State University" },
  { "university" : "Southern Illinois University Carbondale" },
  { "university" : "Southern Illinois University Edwardsville" },
  { "university" : "Southern Methodist University" },
  { "university" : "St Edwards University" },
  { "university" : "St. John's University, New York" },
  { "university" : "Stanford University" },
  { "university" : "Stephen F. Austin State University" },
  { "university" : "Stetson University" },
  { "university" : "Stevens Institute of Technology" },
  { "university" : "Stevenson University" },
  { "university" : "Stockton University" },
  { "university" : "Stony Brook University, SUNY" },
  { "university" : "Swarthmore College" },
  { "university" : "Syracuse University" },
  { "university" : "Temple University" },
  { "university" : "Texas A&M University" },
  { "university" : "Texas A&M University – Central Texas" },
  { "university" : "Texas A&M University – Corpus Christi" },
  { "university" : "Texas A&M University – Kingsville" },
  { "university" : "Texas Christian University" },
  { "university" : "Texas Southern University" },
  { "university" : "Texas State University" },
  { "university" : "Texas Tech University" },
  { "university" : "The Ohio State University" },
  { "university" : "The Pennsylvania State University" },
  { "university" : "The Pennsylvania State University – Abington Campus" },
  { "university" : "The Pennsylvania State University – Harrisburg" },
  { "university" : "The Pennsylvania State University – York Campus" },
  { "university" : "The Pennsylvania State University – Berks" },
  { "university" : "The University of Alabama" },
  { "university" : "The University of Arizona" },
  { "university" : "The University of Arkansas" },
  { "university" : "The University of Birmingham" },
  { "university" : "The University of Calgary" },
  { "university" : "The University of California, Berkeley" },
  { "university" : "The University of California, Davis" },
  { "university" : "The University of California, Irvine" },
  { "university" : "The University of California, Los Angeles" },
  { "university" : "The University of California, Riverside" },
  { "university" : "The University of California, San Diego" },
  { "university" : "The University of California, Santa Barbara" },
  { "university" : "The University of California, Merced" },
  { "university" : "The University of California, Santa Cruz" },
  { "university" : "The University of Cambridge" },
  { "university" : "The University of Central Florida" },
  { "university" : "The University of Cincinnati" },
  { "university" : "The University of Colorado Boulder" },
  { "university" : "The University of Colorado Colorado Springs" },
  { "university" : "The University of Connecticut" },
  { "university" : "The University of Dallas" },
  { "university" : "The University of Delaware" },
  { "university" : "The University of Denver" },
  { "university" : "The University of Derby" },
  { "university" : "The University of Florida" },
  { "university" : "The University of Georgia" },
  { "university" : "The University of Houston" },
  { "university" : "The University of Idaho" },
  { "university" : "The University of Illinois at Chicago" },
  { "university" : "The University of Illinois at Urbana-Champaign" },
  { "university" : "The University of Iowa" },
  { "university" : "The University of Kansas" },
  { "university" : "The University of Kent" },
  { "university" : "The University of Kentucky" },
  { "university" : "The University of Leeds" },
  { "university" : "The University of Lincoln" },
  { "university" : "The University of Liverpool" },
  { "university" : "The University of Ljubljana" },
  { "university" : "The University of Louisiana at Lafayette" },
  { "university" : "The University of Louisiana at Monroe" },
  { "university" : "The University of Louisville" },
  { "university" : "The University of Maryland, Baltimore County" },
  { "university" : "The University of Maryland, College Park" },
  { "university" : "The University of Massachusetts Amherst" },
  { "university" : "The University of Massachusetts Boston" },
  { "university" : "The University of Massachusetts Dartmouth" },
  { "university" : "The University of Massachusetts Lowell" },
  { "university" : "The University of Miami" },
  { "university" : "The University of Michigan" },
  { "university" : "The University of Minnesota" },
  { "university" : "The University of Missouri" },
  { "university" : "The University of Missouri-Kansas City" },
  { "university" : "The University of Málaga" },
  { "university" : "The University of Nebraska-Lincoln" },
  { "university" : "The University of New Brunswick" },
  { "university" : "The University of New Hampshire" },
  { "university" : "The University of New Haven" },
  { "university" : "The University of North Carolina at Chapel Hill" },
  { "university" : "The University of North Carolina at Charlotte" },
  { "university" : "The University of North Carolina at Greensboro" },
  { "university" : "The University of North Texas" },
  { "university" : "The University of Northampton" },
  { "university" : "The University of Notre Dame" },
  { "university" : "The University of Nottingham" },
  { "university" : "The University of Oklahoma" },
  { "university" : "The University of Oregon" },
  { "university" : "The University of Pennsylvania" },
  { "university" : "The University of Phoenix" },
  { "university" : "The University of Pittsburgh" },
  { "university" : "The University of Portland" },
  { "university" : "The University of Portsmouth" },
  { "university" : "The University of Richmond" },
  { "university" : "The University of Rochester" },
  { "university" : "The University of San Francisco" },
  { "university" : "The University of South Carolina" },
  { "university" : "The University of South Florida" },
  { "university" : "The University of Southern California" },
  { "university" : "The University of Southern Denmark" },
  { "university" : "The University of Tampa" },
  { "university" : "The University of Tennessee" },
  { "university" : "The University of Texas Rio Grande Valley" },
  { "university" : "The University of Texas at Arlington" },
  { "university" : "The University of Texas at Austin" },
  { "university" : "The University of Texas at Dallas" },
  { "university" : "The University of Texas at El Paso" },
  { "university" : "The University of Texas at San Antonio" },
  { "university" : "The University of Texas of the Permian Basin" },
  { "university" : "The University of Texas – Pan American" },
  { "university" : "The University of Tulsa" },
  { "university" : "The University of Utah" },
  { "university" : "The University of Vermont" },
  { "university" : "The University of Virginia" },
  { "university" : "The University of Washington" },
  { "university" : "The University of Waterloo" },
  { "university" : "The University of West Georgia" },
  { "university" : "The University of Western Ontario" },
  { "university" : "The University of Westminster" },
  { "university" : "The University of Wisconsin-Madison" },
  { "university" : "The University of Wisconsin-Milwaukee" },
  { "university" : "Trent University" },
  { "university" : "Trinity College" },
  { "university" : "Trinity Valley School" },
  { "university" : "Troy University" },
  { "university" : "Tufts University" },
  { "university" : "Tulane University" },
  { "university" : "University at Albany, SUNY" },
  { "university" : "University at Binghamton, SUNY" },
  { "university" : "University at Buffalo, SUNY" },
  { "university" : "University at New Paltz, SUNY" },
  { "university" : "University at Orange, SUNY" },
  { "university" : "University at Plattsburgh, SUNY" },
  { "university" : "University of Cincinnati Clermont College" },
  { "university" : "Utah State University" },
  { "university" : "Utica College" },
  { "university" : "Vanderbilt University" },
  { "university" : "Villanova University" },
  { "university" : "Virginia Tech" },
  { "university" : "Wake Forest University" },
  { "university" : "Washington State University" },
  { "university" : "Washington University in St. Louis" },
  { "university" : "Wayne State University" },
  { "university" : "Wentworth Institute of Technology" },
  { "university" : "Wesleyan University" },
  { "university" : "Wichita State University" },
  { "university" : "Xavier University" },
  { "university" : "Yale University" },
  { "university" : "The University of Chicago" },
  { "university" : "York College, CUNY" }
]